{"cameraMode":{"drawMode":2,"name":"Shaded Wireframe","section":"Shading Mode"},"sceneLighting":true,"audioPlay":false,"sceneViewState":{"m_AlwaysRefresh":false,"showFog":true,"showSkybox":true,"showFlares":true,"showImageEffects":true,"showParticleSystems":true,"showVisualEffectGraphs":true,"m_FxEnabled":true},"in2DMode":false,"pivot":{"x":0.11272872984409332,"y":-1.0989954471588135,"z":75.94043731689453},"rotation":{"x":0.22547303140163423,"y":0.005014431197196245,"z":-0.0010755228577181697,"w":0.9743337035179138},"size":14.320586204528809,"orthographic":false}